{
	"name": "Brown CS",
	"dockerFile": "Dockerfile",
	"initializeCommand": "bash ./.devcontainer/build-container",
	"securityOpt": [
		"seccomp=unconfined"
	],
	"capAdd": [
		"SYS_PTRACE"
	],
	"customizations": {
		// Configure properties specific to VS Code.
		"vscode": {
			// Set *default* container specific settings.json values on container create.
			"settings": {
				"files.insertFinalNewline": true,
			}
			// Add the IDs of extensions you want installed when the container is created.
			"extensions": [
				"ms-vscode.cpptools",
				"ms-vscode.makefile-tools",
				"ms-vscode.cpptools-extension-pack"
			]
		}
	}
}
